"","H.G","Elec","P.A","Fashion"
"1",5041881.83855544,2642420.71124884,2855108.92662163,1906446.38465975
"2",8782956.69878907,3948978.46004814,4593031.24236013,3181835.71813486
"3",7973797.53285857,4416293.09763611,5533388.35212445,2693123.6731761
"4",7873452.82621576,4492866.59254126,5241119.7620924,2653091.92951751
"5",7793558.7422135,4457048.4537681,5065770.28791861,2802666.4067467
"6",7296593.12660253,4167973.4746374,4633555.08882255,2709364.62070451
"7",5823350.63429101,3415540.72987526,3722228.479914,2199273.53125394
"8",5695207.34337246,2696901.95924128,3006646.65967397,2099426.00601935
"9",9704959.69215275,4278472.43791439,4799135.66327718,3203772.49412767
"10",8676415.59562971,4618568.20219958,5825769.08223332,2872482.16213862
"11",7952893.12686341,4306223.75012126,5221685.81799671,2645836.22572768
"12",7291231.89473109,4119349.89279262,4731520.79972242,2486449.77644805
"13",6818087.34853076,4141918.71958396,4446653.93038088,2460477.17392522
"14",5639010.93693539,3314020.67296171,3549734.05934029,2106199.81856705
"15",5425927.43994622,2812133.70168892,3041971.22130804,1993544.89000347
"16",9171286.01760221,4047647.36147441,4529731.67724093,3135169.8343337
"17",8493001.68030245,4505297.88267705,5604127.75294036,2683187.70974498
"18",7500049.31010633,4098113.75254637,4873666.6961324,2536269.53617296
"19",7534544.91784402,4045048.30982317,4815909.11140266,2523772.02399862
"20",6865899.52386281,4043862.30467317,4174249.15748202,2439299.80462332
"21",6187980.52839957,3798352.3435518,3567117.02265177,2310870.44316635
"22",5619598.86544726,3031789.65668397,2974295.39001977,2083552.03983339
"23",9020094.45884435,4123805.89586667,4474551.0848926,3188206.54363884
"24",8431820.94136419,4589694.8748592,5573533.37143667,2829428.47141829
"25",7717621.00460905,4360991.91354918,5073045.43933964,2679967.33115211
"26",7273363.74316359,4894616.12651913,4776409.49354902,2562658.15175095
"27",6817389.44779826,4072575.36545453,4211440.23566435,2462881.59756047
"28",5586094.18843941,3391389.45565038,3552169.71724712,2187324.56859801
"29",5467493.94914944,2902166.26015525,3008563.88962053,2130583.02519477
"30",9109021.28400687,4082199.86858341,4432438.7111119,3373729.09441009
"31",8070865.40589232,4617784.19703417,5238547.86692695,2877112.73627541
"32",7807096.95749125,4436292.96781956,5066987.55014448,2981093.29449927
"33",7423043.96236329,4363218.10812253,4791053.16672418,2770538.15868139
"34",7110733.43154238,4241988.80310733,4496561.72894614,2948016.83631668
"35",6466607.59205637,3778428.77449462,3944599.74349955,2679989.31825559
"36",6205973.11410492,3257805.86941554,3272523.65274665,2599743.17087124
"37",10816493.8332149,4920097.7422559,5276518.43175163,4274402.65644255
"38",8939690.33594006,4987037.83015185,5877985.81010076,3429974.10346682
"39",8006357.22179877,4553225.94422263,5329906.00370542,3137121.59421926
"40",6920155.62710303,4128225.91555013,4577070.82177777,2736509.67523943
"41",6942416.00498676,4409371.53478982,4478928.11214017,2787731.37197687
"42",5533834.42276236,3552077.71887127,3672376.98450077,2328284.75636104
"43",5178547.8938488,2940942.25596915,2978039.2460648,2150600.39782829
"44",9047508.94690653,4197439.53257136,4827560.23181908,3582617.05056295
"45",8052136.97201563,4505690.45435185,5618970.53221151,2951669.65836382
"46",7435931.83361918,4384607.5781415,5299613.86415178,2836338.28326334
"47",7381163.17316916,4323930.59099314,4981953.83588267,2934461.61942394
"48",7001438.11480486,4552177.46070484,4630808.40671891,2856111.87271562
"49",6160334.45406057,3958440.86284987,3864354.91034491,2616886.1162381
"50",5774954.6750197,3357021.75803618,3253547.36317718,2486097.68228311
"51",8419229.87864335,4102935.38364654,4479742.80498906,3386470.55839633
"52",8318268.96892043,4836034.78825581,5814819.00427956,3177765.69851295
"53",7272172.9375431,4377091.74950041,5155010.16575629,2824722.54999168
"54",6895603.08446956,4143600.48255077,4756010.73767902,2662259.77227291
"55",6451659.74722916,4664900.45841595,4292455.18624003,2618107.22828592
"56",5434501.39581789,3673016.18767423,3574386.42157786,2274631.95727759
"57",5259600.47246159,3060299.07109431,3033018.64824955,2196491.32372236
"58",9501133.85413209,4810834.97237313,5037689.02339107,3723859.98440008
"59",8259588.84159817,4735105.55120076,5678066.70404792,3167884.78861459
"60",7388023.06521845,4288063.28443344,5083414.20692374,2981519.79101031
"61",7161718.10262984,4449586.72729351,4864053.54117924,2896090.10981984
"62",6934425.46319167,4703134.38415836,4835152.73985526,2872119.69393466
"63",5904516.29139894,3875403.58142903,4344087.30205216,2588313.81942266
"64",5253355.76323172,3138507.05205825,3349741.91054436,2343301.40929884
"65",9013300.18830034,4473984.20437705,5326046.14300648,3634934.06851287
"66",8344030.04900836,4994552.77293668,6576384.37606406,3389434.11010334
"67",7990126.51186774,5241347.01795267,6410229.46492468,3302323.50374457
"68",7318442.05899495,4831800.59193573,5581817.48908497,3026779.68082051
"69",5635978.15079302,4144344.02096477,3921197.9739743,2463840.45188623
"70",6192157.4023816,4200252.05906603,3628595.71570287,2621629.81723121
"71",5430366.51240066,3278319.88856596,3182185.03573316,2323923.98337102
"72",9450694.87624409,4686919.96052853,5392804.30310873,3762962.00913086
"73",8520097.2227039,5195111.34314171,6354085.64179667,3203776.98060248
"74",8270473.22099354,5069674.51310529,5937683.43165323,3119843.26683159
"75",7841866.03748949,5111101.02807805,5822374.0674062,3079625.37708892
"76",7034636.17028019,4649675.05516194,4770995.06762097,2910121.98912446
"77",5884012.75716141,3920916.36118748,3906288.63399611,2464961.59624579
"78",5969488.37861056,3444874.60903709,3484554.53630194,2558936.62922855
"79",9703725.26140683,4594456.06752968,5345114.11222715,3791725.50968466
"80",8595815.53162325,5104993.55672396,6119478.81922409,3121453.24479087
"81",7675969.42846929,4698916.66380045,5461892.67361612,2910160.71850373
"82",7541642.38739224,4694820.17126381,5265548.03258061,2948637.08211575
"83",7224413.02982908,4421879.88592141,4843603.12253837,2916404.75273419
"84",5918161.12027359,3567923.06871763,3843423.76060587,2437786.44638404
"85",5311903.19847021,3056390.73122085,3187434.35098386,2206935.47734184
"86",8984175.8676588,4241241.26117731,5045647.02658053,3460516.84009712
"87",8231311.25596944,4811029.92975427,6057881.62599381,3023551.29069265
"88",7894344.66694335,4698086.72428086,5874344.35187234,2992308.28131611
"89",7892186.34673259,4517622.04361931,5483522.82000107,3159713.1445272
"90",7055346.27924345,4221093.97651403,4863074.73814223,2924470.94796039
"91",6029062.3318589,3808291.68828215,3915071.58829851,2565064.93208571
"92",5938352.03109443,3176122.08646553,3485008.20684089,2514909.80169891
"93",9791308.62055686,4541169.67601146,5570459.23833522,3947871.10712098
"94",8435463.34990248,4822080.34894311,6058440.97488003,3187448.69129863
"95",7964510.28739981,4655637.99835082,5599531.97773026,3104687.1732852
"96",8078323.96984478,4666159.48347688,5619085.62000449,3186474.95439823
"97",7563369.28125442,4796583.00121391,5157742.13809007,3165672.65697388
"98",6463872.18850747,4213894.31387596,4214282.22201822,2679358.99504637
"99",7018316.12796259,3710039.76746843,4116190.98538003,2896670.03075562
"100",10840773.2553978,5134402.76441957,5938943.21004238,4328509.38451349
"101",9400340.66656421,5392857.437778,6692720.69113453,3446052.41544863
"102",8699600.54970719,5169250.73960871,5959599.06829156,3304760.36351144
"103",8444674.86653887,5011807.76851104,5579164.81103958,3310289.2426516
"104",7836813.01248453,4676892.94961388,5030234.34613124,3229922.19028745
"105",6799927.90440029,4148141.75984916,4210419.68191296,2778766.9228931
"106",6507793.46223009,3475413.93267766,3660575.07051103,2676008.35137328
"107",10997352.4474266,4950073.10631009,5699364.51943413,4340737.18219803
"108",9401953.29357556,5109518.01917749,6333142.34206339,3410648.23913339
"109",8539265.5521191,4898393.06230828,5737762.64671936,3333219.11717501
"110",8439406.65192092,4871113.78113531,5510854.59821521,3328466.79076976
"111",7890440.69673456,4654425.49720936,4702209.78788633,3204765.99255703
"112",6827635.25295887,3962259.72066694,3910542.21861542,2836211.91884221
"113",7052547.79874565,3943234.81063058,3385716.38312,2933803.69798852
"114",12003307.2236086,5883370.6545229,5379648.06467214,4584161.69839428
"115",9470237.86767428,5381962.21293671,5859372.1008022,3449070.13092509
"116",8917201.54373589,5057247.57812856,5232456.46478691,3355768.16696553
"117",8667604.5277318,4953602.25438782,4950028.68483268,3370903.81233445
"118",7980890.38289813,4782937.16766172,4446104.01461869,3242570.54059257
"119",6816954.12784925,4088930.59303193,3732099.46436779,2762029.21327516
"120",6708863.24080539,4370289.61789156,3088785.10795884,2901081.7277026
"121",11433476.593549,5758570.50572072,4983347.67293828,4603589.75082282
"122",9788418.5826354,5444931.25300222,5483621.09840785,3551488.51912867
"123",9137127.94114528,5126648.51554727,5238636.38411648,3554739.15262466
"124",9189630.56676836,5472254.77550853,5168294.4972744,3715401.76839999
"125",9125487.18606387,6141750.40813573,5010128.37248459,4144388.13090126
"126",8758861.54863595,6998391.3758649,4289892.44310677,4005564.43423543
"127",8058002.76313404,5441805.52611604,3662625.85818378,3787856.39583259
"128",13548524.0319269,7686808.9185024,5597287.33113502,6000581.00184619
"129",11434817.37808,7204137.96671616,6173824.37933961,5128547.91880462
"130",10489888.0780618,6281216.5817206,5858044.56444187,4714033.22544904
"131",10030212.313684,6173498.9552148,5540077.99542683,4770289.04037534
"132",9097831.11605253,5984972.20235816,4723472.46970303,4474932.25065435
"133",7580142.85459422,5131844.09443217,3796513.90649404,3707248.5223611
"134",7705375.83817246,5579921.07697227,3235659.95442514,3853074.32296432
"135",13122594.8346043,7611793.08508788,5112672.01852978,6201647.35739701
"136",11144288.2488247,7026592.55659384,5808661.17230793,5053163.2746765
"137",10199939.8888756,6458958.96759915,5378128.62233043,4793066.69547885
"138",10078617.436513,6605118.77504226,5008962.44056045,4907928.49544824
"139",9486174.24513458,6576672.77174104,4519340.59532474,4720784.97995951
"140",8246581.81104827,5851766.32657201,3787520.6870685,4240972.8505847
"141",8047439.42806492,5995522.91314196,3237168.62236612,4156830.21486334
"142",13174899.4661575,8504899.68941028,5031545.75531796,6518439.01024057
"143",11455110.1841891,7809070.17441015,5605614.97324899,5608212.87441377
"144",10230167.5312433,7027758.80153134,4922711.31016283,5082647.12468885
"145",9378538.08720966,6839471.70692996,4462712.56002705,4862851.72570641
"146",7964862.82455888,6000135.36955825,3890458.71271177,4139229.68775762
"147",6230748.21749989,4739489.99977887,3098685.19140184,3325357.73301901
"148",5905187.35117554,4365580.02565181,2607580.50001502,3019884.37479299
"149",7957040.51838886,4811330.4991691,3340128.52990878,3956453.29750015
"150",5794264.19730138,4074659.25146267,3500750.75719293,2576521.41389331
"151",4458828.87240123,3145056.36398278,2871023.67042258,1969375.2966208
"152",3058219.4269215,2443293.84376726,1882121.27510735,1550844.72992212
"153",4553409.8933331,3442935.72165415,2177527.92749022,2201874.03822771
"154",5495994.74593516,3871538.58338824,2589171.5394914,2568639.18852984
"155",6096610.05354586,4206647.74814745,3001482.11867747,2676461.61045542
"156",7937033.44127363,4559802.62809458,3645429.37312983,3628794.00662594
"157",8022454.92015351,5227756.82336257,4562499.72999903,3259766.61868141
"158",7101680.73691272,4559897.71727928,3736683.00437513,2960768.4281372
"159",4458932.54771928,2875092.74981659,2128207.57360519,1888550.51313156
"160",5968124.78459694,3507720.8410775,2385536.65416329,2461544.83856927
"161",7734797.35530683,4750240.1253187,3858109.47754658,2785810.35870512
"162",7135872.7792146,3967542.77481637,3149459.20408559,2758349.43361287
"163",9347032.45199883,4681811.72322121,3932670.5736445,3687588.09365695
"164",8393293.4884536,5214960.81164972,4904397.15971658,2973321.86703147
"165",8307763.10827107,5003969.34230171,4625675.43837751,3158474.97285793
"166",7892924.45429357,4995757.29312326,4724777.36604548,2935328.12289771
"167",7389283.61148868,4786058.0483619,4370436.75117358,2905486.0845505
"168",6510650.11318483,4103417.24527388,3720680.36358907,2712067.31550996
"169",6763456.93346681,3870293.34666568,3262126.64584445,2789608.49348093
"170",10174447.3080071,4937171.31622627,4457546.72027681,4123943.70313886
"171",8317130.81110084,4899925.00877361,5179627.79343711,3244634.23439845
"172",7691988.64577209,4767122.61780824,4887814.91853128,3029536.82809253
"173",7692069.28339839,4718574.88599409,4792609.19801415,3129456.77830334
"174",7211836.76646015,4783969.80842466,4436350.56861426,3083617.92357606
"175",6257437.45754769,3964845.68626318,3711852.06821153,2653851.51356048
"176",6550151.69874236,3692787.80889031,3378548.68842583,2830635.73802188
"177",10325115.8772728,4770691.40494066,4846157.80107902,4352199.42136254
"178",8390910.75898902,4955654.51377335,5428549.91717463,3352360.61893564
"179",7707785.32513432,4559074.17304235,4968109.11821177,3204926.93299181
"180",7406445.90451367,4628185.77083663,4616361.2155085,3135786.58865491
"181",6968820.38323462,4540543.73312685,4314038.2058851,3057183.42263628
"182",6199205.03050927,3964497.6515758,3621423.18355783,2738998.27695404
"183",6482006.60594325,3721169.75132785,3275307.58986126,2911224.17244672
"184",10056319.4840285,5013037.05628591,4734194.37066539,4377009.62530756
"185",8401173.52007309,5105793.708687,5419350.78965042,3425483.52467559
"186",7873539.65729555,4799845.73624244,4982569.26313352,3337274.68653847
"187",7782451.31702388,4904875.94536013,4874066.6417627,3375741.74490192
"188",7738028.73673919,4776390.04347025,4713839.6096219,3503509.31914162
"189",7040272.23487656,4342797.60290711,4213251.08480119,3257730.24576511
"190",7182668.51559906,3966585.55217393,3722032.96362102,3226178.80351513
"191",11094015.9775618,5367219.14756943,5286723.95428974,4979609.55504867
"192",8874723.0525265,5054627.79526996,5605416.56587467,3874502.49395599
"193",8084384.4231825,4768133.21213198,5205496.27622792,3592704.05686132
"194",7954463.74286886,4978844.18588231,5037438.79778073,3604762.28869798
"195",7367788.31546171,4614959.73162099,4498947.42322001,3476919.44392031
"196",6361132.07066296,3955078.81703912,3829183.29509701,2993358.74402741
"197",6682534.89036341,3505015.87349404,3435424.53479809,3081392.05713352
"198",10469262.3835824,4805303.59245604,5024216.61700864,4830919.56494777
"199",8559075.51376874,4857429.33718502,5717598.72338959,3776545.91932346
"200",7909231.18061994,4513077.87906749,5304909.69646665,3380187.64607302
"201",7577977.44849594,4631629.19337208,5044508.70737344,3152403.6380921
"202",6938110.30718351,4377850.49650329,4581439.69128077,2831526.51374507
"203",6123599.59372794,3791518.50533183,3961911.56828097,2416719.43800759
"204",6103116.44995859,3386281.34787645,3438618.70629227,2451681.82746499
"205",9975622.30659668,4473294.21634913,5021100.37034674,3896480.01453032
"206",8534547.69757315,4713394.23803045,5642146.63770073,2971096.44673096
"207",8013702.27462817,4557990.90712468,5284037.31650897,2835684.52582209
"208",7752787.49905536,4461445.55463114,5164158.97910337,2805147.89740879
"209",7266183.12628047,4287012.88106958,4603811.64182296,2778630.47778156
"210",6402300.95068154,3788538.31251149,4076396.5745888,2457900.04919089
"211",6818215.25605214,3635787.18195563,3732953.92669191,2523535.58653013
"212",10831488.8830597,4715224.53781732,5332410.37367929,3916879.30758824
"213",8826970.23069984,4807068.5270445,5875221.30409609,2980259.80087008
"214",8274845.39605891,4657615.82577972,5550283.77072789,2923954.13488044
"215",8191802.1965694,4470290.59852498,5557571.38511789,3027357.38166846
"216",7959509.44236718,4513736.12273444,5434680.99564839,3086407.98975818
"217",7553864.29934126,4388650.29280713,4781131.91780393,2939226.54403381
"218",7676186.62632084,3663710.1682302,4280583.64189421,2901206.73245718
"219",12679017.3048721,5248555.5756415,6554674.18590747,4596824.25088809
"220",9763201.75803052,5315068.19630633,6864097.62491705,3407756.34633866
"221",9068898.73053345,4807607.7793273,6252136.65326428,3184296.67644151
"222",8626560.62633494,4642731.60594264,6046966.07211622,3118912.39143573
"223",8128939.7069614,4473250.35676757,5558656.34827035,3016486.25948079
"224",7046542.48068592,3870375.25464638,4674762.72993267,2639961.48618423
"225",7083357.65915235,3383615.98753118,4284172.91663917,2670806.06946159
"226",11805327.1315394,4410088.79477081,6525851.73859351,3958282.03377991
"227",10137623.6972207,4658367.23924441,7684502.27337504,3333288.38604014
"228",9298295.55902372,4564350.83276896,6910374.30423475,3221228.65559862
"229",8951197.89687799,4537159.55708131,6485210.44668097,3079430.38114404
"230",8401480.98596784,4590153.72364615,5895941.63644116,3034397.09963002
"231",7311835.09090559,4003658.3194786,4943621.57279983,2763215.11196715
"232",7649599.32720315,3565964.10666956,4522210.97214087,2882690.58376483
"233",12525201.2437776,4802203.35842111,6704169.645401,4234160.34639782
"234",9926590.9214047,4768636.92924609,7275744.97005061,3215094.26608917
"235",9120812.80531968,4346901.88838334,6615380.88089645,3050731.40122918
"236",8636487.74913161,4307948.7051452,6813349.64078125,2962789.21794883
"237",8054483.89549877,4217398.3296742,6804996.6937722,2961406.570611
"238",6910456.18835852,3546972.00648245,5479317.45143781,2520683.08170531
"239",7495736.60879241,3547532.7113604,4931014.34806284,2738595.73997453
"240",12246575.8689881,4526576.57726797,7364856.28868446,4178479.58733441
"241",9920305.89906684,4862300.74116472,8018581.15686379,3141778.94565474
"242",8890633.20878047,4378146.75016145,7302675.32800556,2897235.55829895
"243",8681987.54404047,4468799.99840826,7551510.14239024,2973566.48034628
"244",7901567.9018446,4131215.41837751,5829134.7043956,2966029.39897383
"245",7164485.67222786,4574910.99202632,5110539.92895768,2704143.34399716
"246",7122303.09954139,3386615.49086849,4597770.36528588,2749259.32112761
"247",12284190.6230915,5004162.61714063,7111786.43656216,4542693.53803467
"248",10723289.3457431,5677577.35152212,7891864.07691277,3663326.32576555
"249",9729330.33786852,4975590.21001629,6974352.05027297,3527747.39901443
"250",7929422.30823927,4199947.4759678,5699197.52778141,2909575.58195494
"251",6490109.09563014,3540142.99752325,4340177.86341628,2582357.84424516
"252",7485073.98001671,3377863.30924636,4284504.60258473,2690400.1717137
"253",6375905.4383508,3087366.06209495,3837817.96150984,2261672.21044122
"254",7614168.54399463,3152254.89203756,4142703.80675582,3098472.55256305
"255",11045937.1136332,4252792.41815358,6435234.15270993,3432262.66381027
"256",9953506.09970608,4574508.83274893,7565877.53332913,3039906.09358148
"257",9133966.53998195,4298018.29567286,6793157.2997153,3000992.44702187
"258",8681642.98278368,3974299.79085993,6275930.23807217,2900862.06647552
"259",7188340.91105748,3320864.44263335,5080427.21918028,2429021.52896656
"260",7672202.486314,3028198.52156834,4630376.23320482,2576304.48263066
"261",12424078.6023843,4220266.65723201,7121465.08207671,3882617.39302309
"262",10587055.5277513,4455022.83004052,8265262.78086346,3235018.92773608
"263",9840032.66536911,4335521.79036725,7598889.08362192,3086776.15255469
"264",9181234.17820763,3967056.05647147,7090637.51764004,2929966.50453811
"265",8627099.88404263,3882545.62045673,6002898.7754418,2969230.5850588
"266",7465874.89944803,3494315.70503568,4943094.81058283,2533108.8814824
"267",7048488.58941037,2895253.79904981,4150373.84323293,2456615.70181897
"268",11928627.6875188,4026716.20075592,6670046.11556353,3831224.96200623
"269",10373906.6389665,4347465.87000473,7516648.39422785,3040131.14038048
"270",9322150.2045101,4017387.00476927,6710142.10594902,2924562.00342918
"271",9018388.57427949,4038284.54715017,6317174.98797191,2885223.9695518
"272",8223772.65914438,3831267.35397714,5657795.91739991,2786341.90509528
"273",6499571.82465946,3123065.63001487,4467416.67447053,2368723.30586738
"274",7052093.76566388,3125060.46685872,4201232.90241692,2547235.51286137
"275",11957630.8748589,4400781.80428801,6602719.33621086,3982612.18887472
"276",10135109.3482542,4794188.09412062,7428214.63338849,3417464.18498753
"277",9324476.48649524,4529270.12396913,6575470.2950978,3242348.40433934
"278",8574340.02131073,4251819.36322025,6028211.30866317,3115346.96223085
"279",7204910.65958908,4046081.71183416,4773248.80561381,2891608.36857044
"280",8941007.74046585,3942486.67390841,4819272.72314896,3413624.66522499
"281",7526093.64562481,3400902.17692849,4308359.39927813,2842284.91070709
"282",13241868.2446033,5129702.15407891,7048113.13034598,4663543.94528611
"283",10618118.1523717,4863651.0563674,7951508.0122724,3525394.9238304
"284",9822522.44500561,4639019.60709621,7063548.98973517,3412259.23684596
"285",9286717.23049582,4482837.98070464,6482228.92589709,3248210.76404254
"286",8500795.87030216,4211057.91602948,5786426.44022748,3079842.6376469
"287",7060132.43672283,3512835.6678558,4610641.37890431,2511799.19307338
"288",7077929.9036697,3170139.82410756,4174861.17040018,2541597.5201217
"289",11546087.7860761,4360085.18147396,6435561.47376219,3859171.1940515
"290",9833976.93595632,4606104.34848829,7066501.64479033,3086432.0070721
"291",8830673.16024959,4020889.81165113,6003264.34674331,2907335.7045274
"292",6695156.30486972,3661937.41823762,4621132.04390038,2338229.67705015
"293",8223921.74804007,3728536.42191781,4637044.91720944,2914589.23075718
"294",7556280.08486975,3489464.32206421,4983021.35121522,2684065.78309484
"295",6829661.47442903,2988127.5128438,3900595.61459126,2430854.86475849
"296",11587346.4434888,4299022.82430986,6439405.41705891,4020023.18650636
"297",9578673.24751207,4954746.71799504,7197068.02077567,3077898.1487489
"298",9065615.64836737,4987678.03158519,6657795.7668011,3113831.08837771
"299",8398337.25958631,4258787.84055876,5971634.66424089,2935137.24845555
"300",7475796.898954,3892735.73040121,5270043.05502902,2817977.15831684
"301",6054035.18970426,3270131.35626694,4120329.47849544,2334517.73267023
"302",5672402.16773862,2610259.80532398,3426019.60255414,2209986.86592096
"303",7653599.57876057,3005224.98727167,3913009.41712164,2797089.62651529
"304",11030020.9212529,4695050.92243229,6230490.97502319,3662130.43136707
"305",9595467.17708853,4720630.85690175,7061852.03408039,3132307.90221229
"306",9005223.32647653,4574260.33046797,6498844.70784148,3180366.95100457
"307",8856659.68794188,4719202.75880967,6311691.76304497,3363616.01814595
"308",7807134.23542044,4288054.72640573,5314552.0099875,3034402.23026364
"309",7460791.87637878,3583006.57634664,4434592.9639156,2963205.5003526
"310",11938981.9489743,4807387.59065435,6715222.66946772,4196691.22282996
"311",10342972.4731541,4930212.70093111,7349915.07508674,3508607.86240332
"312",9136362.22030341,4498105.66435434,6230685.178316,3276501.97011989
"313",7776416.60565372,4593489.09848423,5251530.33639673,3017116.48824436
"314",8588970.86110977,4370270.24374899,4690421.35969276,3370634.15133002
"315",7307429.2892541,3558861.65400389,4324915.42813034,2624854.94627311
"316",6486542.16719373,2931881.04589986,3543325.51305843,2439955.46158199
"317",11499558.5064412,4401802.65301593,5729216.19708112,3943498.52196079
"318",10208051.0961436,4979235.12576007,7195632.62560948,3424025.38372872
"319",9162354.44180867,4669206.86547783,6461111.97407509,3161482.94756615
"320",8750683.09960579,4523701.55836693,6117451.54097496,3089124.58059294
"321",8128859.18343964,4161350.03677783,5481366.06816833,3085866.19272316
"322",6735650.43953751,3483683.99824532,4282425.22484289,2436172.03887152
"323",6577293.00927512,3004630.6347989,3807902.17734018,2483501.31611
"324",11203904.2267479,4246951.22537966,5900266.22341103,3975077.10451904
"325",9843615.46573678,4921109.66386522,7235036.3783751,3153443.2765473
"326",8802692.12071827,4601359.06201436,6440980.38543207,2948979.65547871
"327",7996362.0242777,4453916.46785392,5895488.8821389,2838350.77696175
"328",7899394.9534413,4350692.58209325,5459081.73711615,2796731.49129253
"329",6692611.78668244,3590399.91687071,4418420.6091856,2377663.52524484
"330",6502762.51643926,3256715.13868193,3742499.58079898,2481839.51131545
"331",10576253.3378029,4595860.87746696,5821937.50073004,3789911.61293939
"332",9509959.04727707,4906605.31296696,6679516.27998934,3032473.23949081
"333",8700424.29267005,4724841.71607116,6011150.93936153,3001520.05249055
"334",7979202.76643154,4493895.32479809,5523768.21547641,2767681.85434559
"335",7466888.19275025,4180930.25408139,5158365.67445273,2619673.64366038
"336",6222430.74358801,3476964.21406612,4236862.19409543,2308390.06061694
"337",6516246.53788957,3113863.14537743,3827819.25444992,2424329.43173858
"338",10620464.3569966,4205228.15474222,5600350.53285606,3683779.47454281
"339",10358695.7605236,4761081.09830428,7308806.34904645,3347727.53992798
"340",9928755.79121178,4657280.38905734,6775025.88897358,3280924.60816957
"341",9009662.00162475,4245119.55763194,5962416.37713234,3021201.83227871
"342",8676000.16320291,4000825.04989394,5197168.14019129,2905970.73291283
"343",7047573.2319715,3357533.55544768,4130623.78072517,2430639.52686036
"344",7346316.89008906,2697777.59189325,3145746.7015104,2271836.8348189
"345",11529132.3188067,4093233.57216854,4994032.66757764,3465037.1195221
"346",10307972.9363653,4488155.91255205,6516727.11290614,3073687.42817488
"347",9139722.15182756,4185604.13087882,6036440.70621827,2898213.02367221
"348",8531093.10498381,4363570.98958671,5901315.37146518,2926732.07024766
"349",7784472.79174825,4190751.44937804,5407377.55418064,2757082.31582216
"350",6235801.65328096,3577848.36718247,4257951.11870772,2307105.71324504
"351",5748777.07939863,2851731.0645857,3475413.25218711,2154418.22660471
"352",10384490.0336007,4350903.15262299,5598067.59027394,3564708.18620133
"353",9345416.63006245,4927674.76242636,6849229.89085216,2970058.12545704
"354",8789503.24188028,4667726.66822613,6312996.78573977,2968403.96881197
"355",8007033.97538817,4450816.96551899,5800791.22371685,2676125.16623444
"356",7436241.35339442,4048071.25710862,5036916.26261823,2600705.59555694
"357",6242579.85794284,3326697.47005982,4055708.70326604,2184511.51728539
"358",5934844.92762972,2939006.85994333,3441078.13988949,2143926.86690695
"359",10512927.0135396,4341614.57128754,5669949.67566774,3569418.68147781
"360",9230769.59705858,4790011.73089402,6614210.83678396,2828670.20609036
"361",8497722.08995857,4274690.05655426,5895013.55674351,2562413.79666375
"362",7978122.34547179,4198728.16687518,5417238.99683236,2515481.07597678
"363",7342742.98986986,4116327.50822759,5004192.89866326,2476070.74584178
"364",5937921.48071191,3417948.72927936,4000403.0813171,2113724.85565665
"365",5753012.36168745,2802114.76580391,3279538.38517711,2025109.30025243
"366",10021745.8635992,4187634.01514243,5275813.51562001,3379882.67413052
"367",9098459.1160652,4683190.6994687,6355960.4790129,2860751.73220897
"368",8983961.32412339,4764391.89495946,6020244.36995156,2818228.29329107
"369",8892798.60599387,4726409.09566008,5818828.12064088,2977112.73260946
"370",8325738.64277134,4419863.94030374,5322361.48048025,2878003.5648067
"371",6644703.16010327,3621958.10517429,4275560.58000276,2336162.88282675
"372",6498485.94194393,2859888.57480002,3453603.13195927,2230100.54947881
"373",11073792.458141,4537040.88161606,5512556.62319455,3403184.86056392
"374",9900177.7064845,4897690.25089855,6691805.39846149,3051274.02908544
"375",9074606.25517817,4566469.33764286,5997921.45083529,2810520.97283198
"376",8319621.23775912,4368301.80408768,5434890.39534288,2641213.83502438
"377",7779742.17864667,4392234.57245029,5107676.31816361,2613624.62016684
"378",6434363.33231776,3514302.70825292,4077423.80552609,2237295.98434595
"379",6191225.54537559,2982084.31964385,3494178.90640288,2117629.07664317
"380",10464846.9601886,4292265.9476864,5203104.08179151,3330312.16637819
"381",9690894.23734122,4777574.46709841,6437215.72575924,2850197.32474531
"382",8557891.23504518,4345782.26285817,5598167.15134518,2694134.52535539
"383",8597252.26413977,4289509.82297923,5531823.54729207,2680859.13070598
"384",7834298.00611984,4288252.14189575,4794776.90452045,2591129.10816438
"385",7060762.15462513,4027904.84584197,4097390.85298147,2454705.91976277
"386",6412213.29175493,3215015.12898401,3416442.64759004,2213238.54023809
"387",10292330.6390274,4373027.10462634,5139720.55584762,3386650.03883704
"388",9621084.28171763,4867071.97102587,6402073.30174292,3005540.5480972
"389",8806150.25580522,4624547.40173918,5827184.76795506,2846776.50017283
"390",8299232.87878131,5190421.06454698,5486452.06890712,2722165.64716282
"391",7778945.84274079,4318700.46953879,4837496.66464862,2616178.70230871
"392",6373982.95888072,3596347.25455144,4080221.53892399,2323470.18105575
"393",6238654.78884772,3077557.97393654,3455805.36989995,2263196.87456195
"394",10393800.1182472,4328906.62717906,5091347.91933735,3583720.06713498
"395",9209217.89450693,4896858.86457118,6017290.14679079,3056192.82398331
"396",8908246.31427862,4704399.25695411,5820226.33636481,3166645.44263493
"397",8470024.69400613,4626908.13584141,5503272.6139414,2942984.72645025
"398",8113664.42971787,4498352.36719141,5165003.21717906,3131510.2069294
"399",7378688.07848568,4006777.20072284,4530988.69620854,2846799.85581928
"400",7081292.49851184,3454690.57669379,3759004.37125601,2761558.94860831
"401",12342102.5571734,5217442.65554817,6060905.26903301,4540454.24106191
"402",10200585.943731,5288428.25141448,6751784.46328564,3643465.93350191
"403",9135611.17534854,4828399.04941469,6122229.2311002,3332385.40962693
"404",7896206.64313925,4377714.24712693,5257480.48059807,2906838.20859048
"405",7921606.72851245,4675850.83365114,5144748.25504943,2961248.09667984
"406",6314352.23218257,3766746.67397234,4218298.35394839,2473204.15180951
"407",5908954.43464784,3118677.38764923,3420743.05080544,2284460.18823968
"408",10323611.7943105,4451110.77229956,5545206.67824016,3805609.83341416
"409",9187847.9149917,4777990.76374708,6454264.97523223,3135390.39152803
"410",8484730.33071572,4649590.27329123,6087433.97915411,3012880.44726407
"411",8422236.84302776,4585246.28714658,5722551.83878067,3117111.27286167
"412",7988953.59189982,4827287.20104988,5319206.48723057,3033884.80396741
"413",7029216.74905686,4197668.27596158,4438814.9762888,2779768.92208332
"414",6589481.20908202,3559902.5534705,3737207.13981905,2640839.82546728
"415",9606717.31680267,4350895.28806395,5145684.0569886,3597254.5978855
"416",9491516.40962522,5128299.37731922,6679227.52423925,3375559.32433437
"417",8297874.11638372,4641620.22736976,5921334.05382211,3000541.71606923
"418",7868191.09541243,4394017.97235389,5463020.91282701,2827966.76995458
"419",7361631.91992716,4946822.58577771,4930554.98466887,2781066.03979121
"420",6201008.81196094,3894994.02979414,4105740.89265703,2416211.84230492
"421",6001439.04686949,3245247.50293698,3483895.47843359,2333207.5023908
"422",10841218.0735536,5101576.6166779,5786572.40385772,3955644.14920194
"423",9424559.76353946,5021270.50631117,6522146.15557791,3365063.39709975
"424",8430064.28623713,4547211.34861741,5839094.91645487,3167098.48556235
"425",8171840.21654007,4718496.42155638,5587124.94192981,3076351.40592324
"426",7912489.16344538,4987367.16954572,5553927.85917734,3050888.99977817
"427",6737316.79993824,4109612.65658538,4989862.53126891,2749418.20019778
"428",5994313.55473282,3328181.96425492,3847701.59682341,2489155.48606561
"429",10284578.0728864,4744368.35424792,6117795.5784274,3861183.21877889
"430",9520910.9525641,5296397.35794315,7554004.26088173,3600402.60989988
"431",9117091.21041042,5558106.55327711,7363149.40281085,3507869.97929079
"432",8350669.25046272,5123809.28837189,6411588.90430422,3215175.4860595
"433",6430902.78787701,4394806.44633156,4504108.11006922,2617197.23859086
"434",7065528.15438896,4454093.27315053,4168008.7309376,2784807.88519086
"435",6196290.72530694,3476444.35561425,3655236.36457958,2468571.95128743
"436",10783664.9470441,4970172.8311579,6194477.7486023,3997180.00070986
"437",9721811.46138052,5509076.63667708,7298659.45592228,3403189.62629036
"438",9436979.32655506,5376059.06225209,6820356.50253763,3314031.62754996
"439",8947919.38743651,5419989.17860593,6687905.69385132,3271310.45625988
"440",8026834.05591098,4930677.03897219,5480232.75534639,3091256.67129472
"441",6713921.35163071,4157875.99014576,4486982.40523177,2618388.16632308
"442",6811452.85327353,3653064.77020595,4002554.94649987,2718212.4859663
"443",11072383.917527,4872120.90522014,6139698.11825819,4027733.8274254
"444",9808209.43363925,5413512.60370241,7029176.88981871,3315741.81534479
"445",8758623.94715926,4982894.55228131,6273836.52925536,3091297.81130621
"446",8605350.79388629,4978550.48921213,6048304.0527198,3132169.05867911
"447",8243377.92859717,4689115.12394845,5563634.44309092,3097930.49287174
"448",6752886.15909871,3783549.63369211,4414772.28272462,2589521.55398948
"449",6061118.79322464,3241102.96349156,3661266.02274781,2344301.73131763
"450",10251345.9222647,4497559.64774621,5795713.41304508,3675909.74126015
"451",9392293.77538473,5101783.35626107,6958422.89590474,3211746.15129019
"452",9007799.84747901,4982014.45556822,6747601.67995051,3178558.48371904
"453",9005337.10772216,4790643.43571695,6298682.12960532,3356383.12548403
"454",8050465.21520677,4476194.76682263,5586000.63381619,3106498.75217432
"455",6879429.39466158,4038444.87245948,4497070.99957624,2724722.23269228
"456",6775924.89012523,3368070.25414009,4003076.05794779,2671445.29722797
"457",11172320.4420236,4815614.16355937,6398542.17989562,4193598.39309386
"458",9625240.43253949,5113501.60485242,6959065.39543463,3385845.01550431
"459",9087861.95420359,4937000.3511859,6431936.76036827,3297932.17348546
"460",9217728.44909603,4948157.69971274,6454397.17153173,3384810.67031169
"461",8630142.15016401,5086463.33109962,5924472.15060445,3362713.57578038
"462",7375566.86086588,4468559.99431988,4840761.12971013,2846130.29941145
"463",8008212.15872988,3934255.12065021,4728088.02893807,3076967.42286974
"464",12369806.4622679,5444699.14972957,6821803.55471332,4597928.73344972
"465",10726208.544846,5718773.46856368,7687634.68293193,3660545.00763106
"466",9926632.77458878,5481653.1538441,6845530.03301869,3510458.51648601
"467",9635751.18443254,5314695.15498845,6408541.88939275,3516331.52957298
"468",8942153.66022424,4959539.84027147,5778009.54308742,3430962.19189525
"469",7759021.44184458,4398833.70064398,4836324.39932083,2951725.67351749
"470",7425682.99582471,3685449.730461,4204742.01303719,2842571.10167119
"471",12548470.3136173,5249229.57345607,6546610.02188726,4610917.62577412
"472",10728048.6242902,5418310.50094656,7274602.80619271,3622937.1696658
"473",9743683.38135204,5194426.25853409,6590716.26637292,3540688.62795489
"474",9629739.91626096,5165498.36062218,6330076.94433643,3535640.50256382
"475",9003345.24310902,4935714.57283214,5401222.121769,3404240.19730216
"476",7790636.76403405,4201717.92552424,4491868.31130127,3012746.2175441
"477",8047272.02397117,4181543.24966584,3889023.89545738,3116412.40043161
"478",13696309.6418654,6238930.73254956,6179365.75460622,4869493.61071924
"479",10805964.3731081,5707219.79345259,6730403.71190133,3663750.55472962
"480",10174925.2274166,5362881.10847516,6010293.22035077,3564641.19793538
"481",9890123.88448719,5252972.00474157,5685880.81816049,3580718.9310668
"482",9106552.37474597,5071992.81490757,5107044.65404957,3444397.81329107
"483",7778449.12323643,4336044.12132651,4286898.94685594,2933946.15887445
"484",7655112.59349197,4634407.01058753,3547951.96451606,3081653.71700793
"485",13046107.442811,6106588.3170347,5724152.87826605,4890130.92314272
"486",11169022.7796785,5773994.3521763,6298795.01770025,3772543.76923429
"487",10425871.0693605,5436476.27470804,6017391.82260364,3775996.7318654
"488",10485778.9101038,5802969.16513577,5936593.1827222,3946659.46858199
"489",10412588.4479054,6512925.60388138,5754914.6931044,4402347.2232302
"490",9994252.22112094,7421337.46064885,4927611.27404596,4254882.72515905
"491",9194541.04463984,5770679.72274413,4207097.66287944,4023623.88837409
"492",15459471.0336623,8151359.35044524,6429358.43328535,6374075.08101825
"493",13047637.337844,7639518.29679801,7091601.25086534,5447764.05501449
"494",11969430.8034594,6660820.38182824,6728878.82911638,5007448.72941172
"495",11444920.2259583,6546592.86670003,6363644.57883446,5067206.07423779
"496",10381031.6368286,6346672.54527664,5425645.63168819,4753465.39599498
"497",8649281.5464974,5441985.84714221,4360888.99099858,3937998.74016421
"498",8792177.97399937,5917142.25340541,3716660.65801351,4092901.17402996
"499",14973466.7963829,8071809.9533393,5872702.08125812,6587656.40691875
"500",12716130.6255577,7451242.97289266,6672154.29276558,5367687.24553877
"501",11638586.9697383,6849304.58567175,6177620.43783834,5091401.47860857
"502",11500152.6330081,7004297.52561498,5753575.4382465,5213412.61998314
"503",10824148.4915517,6974132.39500609,5191168.30179731,5014620.73328352
"504",9409718.16075352,6205416.40470699,4350558.87433037,4504943.66426681
"505",9182487.80753937,6357860.8857067,3718393.59869984,4415563.7396499
"506",15033148.7170496,9018891.23859984,5779515.90129545,6924166.11816892
"507",13070792.3359455,8281009.43568949,6438924.03049113,5957284.78973088
"508",11673078.0597269,7452479.69955997,5654502.54814886,5399006.25841404
"509",10701330.8280413,7252813.52008038,5126122.16162929,5165530.1374942
"510",9088264.2148475,6362752.0948074,4468799.26902903,4396867.70318227
"511",7109561.99800783,5025919.9279752,3559323.75610165,3532337.92777503
"512",6738082.50911478,4629412.79528338,2995213.33932347,3207850.99559558
"513",9079338.61414243,5102102.09051547,3836659.12817649,4202714.76462846
"514",6611514.23642033,4320910.2946921,4021158.83499305,2736891.80013641
"515",5087722.88660441,3335127.08225649,3297818.95328393,2091955.09559847
"516",3489564.95435706,2590953.71440007,2161910.14980881,1647373.93670441
"517",5195644.05572843,3651008.7066344,2501230.813442,2338925.25311967
"518",6271175.47090193,4105514.07832568,2974067.77387568,2728518.96153015
"519",6956504.36196796,4460875.48414974,3447670.85025824,2843052.57295201
"520",9056509.64558452,4835373.19358067,4187344.81481861,3854660.98110604
"521",9153979.36813762,5543695.03857426,5240743.30663005,3462664.2266273
"522",8103334.90082802,4835474.02945717,4292163.85820617,3145055.49590089
"523",5087841.18477274,3048848.28256932,2444578.68636262,2006099.53624364
"524",6809896.93160233,3719709.09903132,2740161.31350644,2614758.7394464
"525",8825749.23909321,5037319.73474376,4431641.1215881,2959207.51380599
"526",8142349.54820234,4207320.25976932,3617645.63727865,2930037.33873822
"527",10665381.49114,4964755.87876827,4517286.18206688,3917114.58767184
"528",9577122.737208,5530125.70299823,5633465.88687813,3158390.29831625
"529",9479528.75340473,5306383.01539294,5313310.47165351,3355067.88631289
"530",9006179.32141525,5297674.67301487,5427144.50887768,3118031.71009903
"531",8431502.62583098,5075302.30527559,5020128.98766086,3086332.21417737
"532",7428942.56214988,4351406.27088177,4273782.32668816,2880874.48340709
"533",7717406.43511875,4104193.58602394,3747061.78549023,2963242.05583141
"534",11609498.7964007,5235548.06681881,5120188.38810679,4380630.27323721
"535",9490217.72072017,5196050.7878123,5949611.24289125,3446589.95756157
"536",8776902.58956294,5055222.51657071,5614418.59380553,3218104.24641053
"537",8776994.60069603,5003740.81436349,5505059.95882909,3324243.51268148
"538",8229027.85040391,5073087.86306441,5095841.29845735,3275551.51076205
"539",7140015.61291509,4204460.17332381,4263641.65103953,2819035.15611303
"540",7474015.63551724,3915960.54414119,3880790.67897176,3006822.95857914
"541",11781418.3631932,5059006.98248758,5566568.89026998,4623093.30893023
"542",9574403.93646986,5255148.29192507,6235537.16750489,3561021.55394123
"543",8794927.30623701,4834600.71452411,5706649.01888804,3404411.15515016
"544",8451085.5686863,4907889.05496257,5302611.6324105,3330967.30933003
"545",7951735.30338346,4814950.39196835,4955346.45259986,3247471.64755088
"546",7073569.81284866,4204091.10524455,4159769.95788436,2909481.70830678
"547",7396259.04109178,3946057.74238364,3762202.1577026,3092427.45779807
"548",11474709.6733373,5315998.73447167,5437961.40900932,4649447.77405158
"549",9586114.20522914,5414361.11265512,6224970.53323587,3638695.84767801
"550",8984060.40226379,5089923.24872789,5723258.75306804,3544996.62806537
"551",8880124.53776551,5201300.93305017,5598626.55134711,3585857.99100324
"552",8829436.38962972,5065050.01685406,5414580.78785655,3721578.20057509
"553",8033265.05733732,4605253.52234783,4839576.70761948,3460501.10378013
"554",8195745.57343952,4206305.18760874,4275335.99901327,3426985.80555253
"555",12658767.7187531,5691585.73450687,6072627.90510904,5289555.32277134
"556",10126455.3717442,5360102.99967508,6438696.12864328,4115663.09836824
"557",9224643.69703071,5056294.18591722,5979325.23435674,3816324.6851042
"558",9076398.3981886,5279739.42624143,5786284.98067514,3829133.45729603
"559",8406975.53302708,4893863.70327593,5167743.55954333,3693333.29212317
"560",7258335.79775779,4194103.04572791,4398414.88464996,3179674.33036616
"561",7625070.76974352,3716840.65738825,3946121.4688509,3273187.09974574
"562",11945895.9648602,5095710.9491575,5771097.24161078,5131610.42370117
"563",9766287.43236027,5150986.90062193,6567554.85213073,4011609.41403418
"564",9024786.02445563,4785824.64568291,6093517.06943336,3590580.61833861
"565",8646810.72142661,4911540.57990344,5794405.87570395,3348618.65354236
"566",7916693.73501525,4642424.8290636,5262498.80935638,3007769.17884318
"567",6987300.63274068,4020658.00626716,4550874.02995481,2567143.27210601
"568",6963928.45086799,3590930.43952346,3949790.4735345,2604281.82508024
"569",11382630.5897364,4743636.66696086,5767517.74576382,4139008.56544757
"570",9738300.09860339,4998247.07519713,6480886.3509919,3156026.3612112
"571",9143992.20867683,4833451.98169351,6069541.88213911,3012185.99800763
"572",8846276.79659819,4731071.93424676,5931842.89440272,2979748.67866011
"573",8291039.47421239,4546097.46438104,5288196.48760263,2951580.73565478
"574",7305311.32857102,4017497.70621679,4682377.93483664,2610887.08749386
"575",7779888.12684152,3855515.09814772,4287880.4302467,2680607.97666353
"576",12359212.5787658,5000187.98870752,6125105.8910353,4160677.57141732
"577",10071967.2692716,5097582.54713959,6748608.99650244,3165760.06987355
"578",9441968.17357798,4939097.70813551,6375367.50524813,3105949.77110511
"579",9347212.17402958,4740451.52622227,6383738.46822804,3215789.14473329
"580",9082155.76667063,4786522.67014615,6242579.66840899,3278515.23899447
"581",8619296.54128361,4653877.3084367,5491876.51050035,3122172.7806073
"582",8758871.77960882,3885125.60332285,4916918.66242184,3081786.50243173
"583",14467325.0236027,5565750.75840072,7529066.71776222,4882944.31829043
"584",11140249.256554,5636283.05315752,7884487.84934971,3619865.27682839
"585",10348018.492754,5098154.38900325,7181555.12476875,3382496.80983066
"586",9843290.95986352,4923313.96408393,6945884.67797418,3313042.81168993
"587",9275483.26578028,4743590.15673613,6384984.71780955,3204241.3714397
"588",8040419.68785173,4104280.44409355,5369694.89025768,2804280.57195756
"589",8082427.45074602,3588103.99877242,4921041.50487847,2837045.01419942
"590",13470405.5144957,4676611.44106496,7495959.63682405,4204657.32691489
"591",11567481.4118528,4939894.53309062,8826850.68213283,3540762.20832102
"592",10609770.5195359,4840196.26790098,7937643.8409638,3421727.54564867
"593",10213716.5847199,4811361.69406456,7449276.76752697,3271103.32318517
"594",9586465.03754738,4867558.55022779,6772409.53337357,3223267.03576123
"595",8343130.40478822,4245618.43861048,5678521.24961498,2935205.87144211
"596",8728534.48385578,3781472.28224789,5194465.3777373,3062117.85335589
"597",14291814.0280581,5092423.35323086,7700785.59449128,4497707.12947736
"598",11326683.5893599,5056828.34505286,8357329.09786876,3415211.33341897
"599",10407254.7707062,4609605.84932095,7598797.83540791,3240618.0330658
"600",9854618.25034624,4568298.539905,7826195.86602398,3147202.06570445
"601",9190525.85950615,4472275.7744626,7816601.20219519,3145733.35826775
"602",7885139.1503292,3761332.399094,6293851.60720427,2677577.92342088
"603",8552970.25022951,3761926.99003522,5664039.88357323,2909054.1162237
"604",13973890.0312705,4800139.13443394,8459687.36073172,4438560.63370817
"605",11319512.0981665,5156152.7067192,9210592.44128703,3337332.64852257
"606",10144609.5706199,4642738.98673971,8388262.81875642,3077568.15053601
"607",9906535.54847944,4738870.84204916,8674088.45494629,3158650.1370942
"608",9016041.88111041,4380884.41983225,6695671.34100682,3150643.92527155
"609",8174998.13705863,4851394.62782088,5870253.04349026,2872457.30024652
"610",8126865.9376371,3591284.77636617,5281257.138244,2920381.43050899
"611",14016810.1456777,5306587.97074986,8168997.12246184,4825444.34823574
"612",12235752.0742072,6020700.3612134,9065038.08996893,3891342.69490174
"613",11101600.4533609,5276288.79713347,8011132.27146578,3747324.93091361
"614",9047825.00285879,4453770.2826466,6546418.20590068,3090676.25411142
"615",7405504.34370329,3754090.68063532,4985371.93059458,2743091.50734084
"616",8540803.71457491,3582003.65877127,4921422.49797482,2857858.71188329
"617",7275192.87010751,3273950.28097147,4408333.14720027,2402445.44212793
"618",8688106.37778139,3342760.65160772,4758542.14387222,3291330.73621283
"619",12603907.5876801,4509808.89609166,7391871.19084349,3645896.9406748
"620",11357395.0099053,4850968.16414517,8690591.64669473,3229118.92594595
"621",10422263.7694366,4557767.98854566,7803001.80957487,3187783.17782908
"622",9906142.38869646,4214485.63443803,7208885.77193629,3081420.38341017
"623",8202218.03000187,3521560.07948409,5835663.89465744,2580211.08194007
"624",8754325.69791856,3211206.96448891,5318710.06847199,2736661.36642424
"625",14176428.5778212,4475317.44870048,8180114.55801232,4124283.09298421
"626",12080303.2033129,4724261.05385388,9493944.80213088,3436376.16550142
"627",11227916.7533005,4597537.99784245,8728510.56647043,3278906.31734273
"628",10476198.255751,4206804.12671935,8144704.28698944,3112336.36860307
"629",9843906.27699264,4117186.32300878,6895266.50728822,3154044.36273714
"630",8518896.70616395,3705493.82684531,5677916.18096268,2690777.14207929
"631",8042640.28482468,3070227.75992129,4767352.37832874,2609522.79850647
"632",13611096.9557999,4270069.81734831,7661589.39258946,4069691.84360408
"633",11837090.8014113,4610203.91503482,8634044.29403636,3229357.98032971
"634",10636989.7354478,4260176.81366573,7707645.89794195,3106595.47520739
"635",10290384.1485498,4282337.29395006,7256261.80695273,3064808.92463888
"636",9383691.89971369,4062809.0669361,6498861.99212954,2959772.14523067
"637",7416301.74015653,3311807.34361683,5131525.5715453,2516159.71738589
"638",8046753.95194671,3313922.73794133,4825771.94869001,2705783.05717713
"639",13644190.8879147,4666741.98487048,7584254.07442395,4230501.86351215
"640",11564612.4273844,5083923.68837712,8532464.312091,3630177.36034216
"641",10639644.1270908,4802995.46497646,7552954.29617162,3444161.85061414
"642",9783704.91721921,4508777.03481948,6924341.90386996,3309255.45952501
"643",8221124.85312556,4290605.67838991,5482821.52531886,3071590.70771612
"644",10202089.1611339,4180749.89948232,5535687.18056072,3626098.85740487
"645",8587608.98508147,3606434.87483183,4948823.45655021,3019197.21055647
"646",15109563.0842605,5439714.45914338,8095858.38862931,4953816.84569143
"647",12115747.0453444,5157584.62789354,9133548.4622462,3744826.03064968
"648",11207936.8098125,4919377.63148787,8113588.88321853,3624648.44068638
"649",10596559.1295663,4753757.2063996,7445852.02538647,3450389.10109016
"650",9699787.75624037,4465552.17945768,6646614.23134714,3271541.23976374
"651",8055926.43465339,3725133.03912496,5296041.50700283,2668141.07503337
"652",8076234.13932212,3361726.45520793,4795479.89691363,2699794.13893441
"653",13174601.8430009,4623585.87153087,7392247.17017839,4099377.53257875
"654",11221006.8955754,4884473.1472122,8116980.46856271,3278540.75121769
"655",10076192.4772704,4263891.31183161,6895686.42300657,3088296.96002457
"656",7639472.36740113,3883245.71761462,5308091.6737127,2483768.07405769
"657",9383862.01680227,3953869.61592333,5326370.09326752,3096001.96738577
"658",8622053.06046684,3700349.25172103,5723778.04681667,2851130.05200243
"659",7792948.77322804,3168714.27407451,4480443.08356457,2582158.530026
"660",13221679.8138305,4558833.22562709,7396662.53922944,4270241.43334488
"661",10929693.9845165,5254185.63372914,8266956.33738674,3269475.72007053
"662",10344272.3493711,5289107.14326601,7647517.95432538,3307645.23315688
"663",9582877.90533863,4516166.65039519,6859354.7941463,3117828.95506165
"664",8530218.15074312,4127992.26977531,6053467.2878328,2993376.47107498
"665",6907924.54081763,3467760.95135246,4732841.73444538,2479825.08717577
"666",6472464.21800578,2768010.22333259,3935318.43572788,2347543.0474333
"667",8733098.94954448,3186845.03022107,4494702.27400204,2971188.83692434
"668",12585746.5013144,4978795.18577142,7156691.68365698,3890072.36446496
"669",10948856.608225,5005921.03737411,8111639.6646945,3327272.09905593
"670",10275362.0128115,4850704.64368911,7464937.84525772,3378322.48654842
"671",10105844.2659949,5004406.63252034,7249963.4669998,3572977.52280678
"672",8908288.85006087,4547202.27338731,6104592.77201638,3223272.48574076
"673",8513096.74982045,3799544.70944491,5093822.41503692,3147644.25876803
"674",13622911.6305694,5097920.89328131,7713481.71839788,4457905.81577654
"675",11801793.5366169,5228168.90929664,8442525.04406563,3726994.09239353
"676",10424997.3476808,4769947.58880628,7156914.75646071,3480441.23631074
"677",8873238.66256568,4871095.49763497,6032202.53999689,3204910.82752332
"678",9800399.35888215,4634386.46557329,5387681.27140013,3580432.48555623
"679",8338103.18832879,3773940.59457863,4967840.64066552,2788233.7558945
"680",7401434.31904873,3109068.56554785,4070062.58952174,2591825.57516998
"681",13121509.8568156,4667824.52834357,6580899.33456175,4188953.64517684
"682",11647842.2194991,5280153.99247582,8265307.56192263,3637146.94768461
"683",10454655.6333001,4951389.24950543,7421595.90911974,3358263.08634872
"684",9984920.2455061,4797090.36446316,7026848.24421993,3281400.91855443
"685",9275391.38484525,4412840.21658401,6296204.76338042,3277939.71889416
"686",7685677.98363306,3694219.59543459,4919034.00797428,2587806.66093279
"687",7504985.08303831,3186214.75820079,4373970.19817499,2638081.85371088
"688",12784155.1189766,4503614.69224963,6777376.99672867,4222497.77300653
"689",11232004.8885372,5218515.7323943,8310568.92428608,3349723.00219934
"690",10044264.8614571,4879441.08050154,7398471.63631398,3132532.95483108
"691",9124206.20856488,4723087.82893694,6771889.4743666,3015018.20457956
"692",9013562.44993246,4613625.6326855,6270607.72979894,2970808.41029593
"693",7636568.95850439,3807384.86470969,5075245.94055599,2525656.4027127
"694",7419942.46198196,3453533.92791287,4298845.10440113,2636316.6132238
"695",12067977.4221269,4873610.61450505,6687404.22886021,4025807.02833045
"696",10851288.0130888,5203134.8145687,7672467.35505836,3221223.42882231
"697",9927572.70210006,5010386.37879572,6904745.40600315,3188343.62303755
"698",9104626.72898416,4765482.79840048,6344910.25003077,2939950.63720378
"699",8520052.91907798,4433603.75956959,5925188.3794728,2782729.95353591
"700",7100071.3887937,3687093.70272894,4866697.75316875,2452071.15079718
"701",7435328.33268912,3302048.7090531,4396848.07099201,2575226.93457011
"702",12118424.169609,4459370.09796145,6432876.99873539,3913068.90873159
"703",11819734.5097494,5048815.87930134,8395305.25368999,3556100.09826186
"704",11329153.8024983,4938741.99937619,7782175.05338698,3485139.15255856
"705",10280426.7393985,4501672.32810598,6848766.15210321,3209250.45556915
"706",9899703.67953125,4242613.94106589,5969759.06980361,3086847.02850092
"707",8041595.82110447,3560445.2812343,4744666.34785901,2581929.78885409
"708",8382475.67770549,2860817.12609876,3613381.24841874,2413242.74307824
"709",13155254.89757,4340607.14996312,5736426.26291282,3680711.37637401
"710",11761857.5019681,4759396.52616787,7485478.57954711,3265002.91167484
"711",10428831.1796134,4438560.10097722,6933794.65186052,3078606.45627279
"712",9734358.25416747,4627282.34361111,6778582.10707785,3108900.6134644
"713",8882431.13071035,4444018.49642105,6211217.40285553,2928691.35175262
"714",7115328.19393393,3794074.76516138,4890921.67580906,2450706.86180979
"715",6559611.40331723,3024074.73955969,3992054.75441786,2288515.65007913
"716",11849166.9273715,4613848.92899405,6430254.68273219,3786586.26785919
"717",10663537.7661436,5225477.59109404,7867409.93539989,3154923.41172076
"718",10029215.7616526,4949819.5968919,7251462.48932481,3153166.29542682
"719",9136383.38141981,4719801.00893036,6663114.42803279,2842695.1874381
"720",8485083.50660343,4292715.46135022,5785684.76745489,2762581.27748028
"721",7123062.42818581,3527745.62450773,4658614.68451795,2320482.03702976
"722",6771923.12843544,3116625.02643406,3952615.51702506,2277371.27682679
"723",11995719.2578199,4603998.99449925,6512822.48112949,3791589.95842714
"724",10532720.3810437,5079494.92765213,7597453.85705982,3004735.08607116
"725",9696280.43558503,4533029.91295592,6771343.48893509,2721906.08268542
"726",9103393.92041462,4452477.28490468,6222544.80945921,2672052.12932272
"727",8378397.69793545,4365096.76244457,5748096.87468424,2630188.78256165
"728",6775433.61290928,3624511.63143793,4595087.54255627,2245289.40221368
